Ranking,Skill,Category
1,Machine Learning,Global
2,Artificial Intelligence (AI),Global
3,Data Structures,Global
4,Deep Learning,Global
5,Pandas (Software),Global
6,Natural Language Processing (NLP),Global
7,Computer Vision,Global
8,TensorFlow,Global
9,Image Processing,Global
10,Scikit-Learn,Global
11,PyTorch,Global
12,Neural Networks,Global
13,Keras,Global
14,OpenCV,Global
15,Artificial Neural Networks,Global
16,Pattern Recognition,Global
17,Convolutional Neural Networks (CNN),Global
18,Reinforcement Learning,Global
19,Microsoft Azure Machine Learning,Global
20,Information Retrieval,Global
